|first_name,last_name,date,pronoun,balance,overdraft|
Chancey,Redferne,11/7/2003,n,75743.61,610.33
David,Coady,30/7/1961,m,93743.49,380.39
Caresse,Demogeot,18/8/1979,f,11979.72,892.26
Boyd,Syer,17/11/1973,m,98568.29,831.2
Puff,Pavis,17/6/1972,f,57886.37,524.75
Cale,Dreinan,10/5/1950,f,45670.8,104.73
Gunilla,Burchard,5/12/1948,f,95150.22,881.47
Nefen,Blick,19/4/1969,m,66255.59,166.42
Zita,Meeland,27/9/1959,n,49026.09,949.73
Whittaker,Jennens,7/1/1984,n,14325.0,393.18
Alika,Deverson,7/6/1970,n,69087.21,665.05
Florry,Riseborough,26/6/1968,f,85652.87,491.85
Bron,Hurton,25/11/1973,m,84388.79,812.12
Alfy,Staton,26/10/1955,f,49245.78,572.38
Mordy,Danelut,1/6/1963,n,43648.5,883.48
Camille,Martine,16/4/1966,m,75812.19,380.83
Harri,Eary,3/8/1961,f,60709.2,279.86
Tildi,Sumshon,22/1/1963,n,75031.05,362.08
Elicia,Olden,25/4/1964,f,51616.41,191.43
Prudi,Whitebread,17/6/1995,m,13903.71,745.38
Lenora,Clemencet,21/7/1983,f,9630.61,398.62
Terri,Locker,1/1/1952,n,59768.31,422.35
Felix,Ogles,24/12/1999,m,41287.04,104.84
Conrad,Dealtry,6/8/1957,f,90711.3,288.58
Andie,Maddicks,13/7/2003,n,35301.78,274.65
Ruby,Kenwin,25/8/1948,m,98642.14,253.81
Ethelred,Annable,6/11/1950,m,56297.72,910.79
Charis,Klimaszewski,18/9/1970,n,67883.68,523.31
Brinn,Thornewell,28/7/1954,n,92771.75,961.0
Rab,Milton,28/1/1947,f,36081.62,175.6
Cordy,Jouhan,22/7/1968,m,97234.46,141.99
Jackie,Streak,21/12/2004,f,4547.56,504.68
Drucie,Monnelly,19/8/1945,m,55268.96,832.69
Torey,Collip,17/2/1973,f,4729.43,750.41
Melva,O'Scanlan,8/3/1958,m,9563.48,746.45
Barrie,Caldecot,3/8/1992,n,66694.5,262.04
Kali,Ybarra,20/9/1974,m,18436.42,167.11
Ramonda,Mart,28/12/1984,n,57838.98,868.96
Devonna,Domonkos,27/1/1978,n,1859.97,518.77
Gill,Mate,25/4/1960,m,54572.73,600.3
Kassi,Westover,3/6/1988,n,82.4,111.7
Rheba,Quiddington,6/5/1950,m,33756.65,645.69
Cloe,Michelle,2/10/1975,m,51976.63,668.41
Andee,Verissimo,8/12/1987,n,17562.57,606.06
Stanwood,Cathee,19/1/1959,f,22323.03,455.89
Neala,Danford,30/7/1982,m,70876.38,696.99
Jose,Brookfield,11/3/1988,m,17590.43,874.22
Ottilie,Eadmeads,13/6/1967,n,47716.74,357.7
Susette,Zellick,17/6/2000,n,300.61,795.78
Aubine,Scollick,16/6/1974,m,78387.64,788.24
Mace,Doni,12/1/1979,n,56021.98,166.21
Jojo,Aronson,17/3/2000,n,37027.54,513.48
Georgia,Antoniat,21/4/1993,m,63240.7,360.87
Becki,Scargill,30/8/1999,f,12879.79,433.16
Frans,Blennerhassett,29/5/1957,f,40035.59,341.41
Perkin,Georgius,8/5/2004,n,50146.55,979.66
Eveline,Gores,9/11/1948,m,10733.0,247.33
Jimmie,Tregoning,6/3/2000,f,23534.2,201.34
Blair,Alcoran,26/8/1979,n,35629.23,384.5
Sherm,Tomankiewicz,20/9/1997,m,37801.6,394.85
Tammy,Brise,31/12/1947,f,3299.53,710.75
Briney,Alabaster,10/8/1982,m,84701.51,523.55
Kent,Rumble,9/10/1993,m,42476.41,832.27
Susannah,Langley,28/3/1969,f,47339.94,356.41
Basia,Kneeshaw,18/7/1986,m,16891.45,328.14
Alameda,Egel,8/2/1986,f,51230.53,871.74
Thor,Amoore,26/4/1990,m,21369.54,852.62
Horacio,Mourant,6/9/1990,n,86881.59,278.41
Michale,Bowick,30/11/1957,m,21680.61,434.09
Bennie,Caville,13/11/1967,m,5893.41,759.1
Reggis,Petrovsky,30/3/1976,m,80943.59,535.84
Cosmo,Kreuzer,9/11/2000,m,36278.57,747.06
Andrea,Redmain,16/9/1951,m,7073.74,196.66
Delcine,Mebes,24/9/1962,f,94517.29,860.81
Milli,Seargeant,30/8/1999,m,50541.56,822.29
Lorilee,Brane,17/5/1961,f,43625.5,593.71
Byrle,Leahair,11/2/1952,f,23445.39,218.32
Elroy,Sperring,22/1/1962,n,37928.15,704.19
Edy,Jachtym,19/7/1964,n,91536.29,688.52
Ricky,Smallacombe,9/3/1994,n,8286.01,992.91
Dore,Loos,10/8/1994,n,42920.15,623.75
Melli,Frankiewicz,21/10/1967,n,55525.8,707.16
Shellysheldon,Meers,22/1/1955,m,44092.29,911.6
Gorden,Neiland,10/2/1946,m,49374.96,226.13
Madelin,Lowerson,5/11/1973,n,19633.45,563.05
Pauly,Henrion,13/5/1968,m,31723.65,911.04
Charmian,Gulston,1/1/2003,n,98749.58,815.9
Kelwin,Van Weedenburg,24/2/1978,n,68180.58,142.81
Germaine,Gilhooley,9/11/1970,n,4464.42,133.48
Lauraine,Proschke,3/4/1968,n,71973.94,321.99
Brietta,Betton,18/1/1949,m,91804.72,462.32
Mathew,Shoebotham,15/4/1966,m,88730.62,184.69
Theresa,Floris,2/6/2001,f,66076.29,331.72
Olva,Arpe,4/6/1983,n,23755.74,397.98
Jeanne,Shere,2/7/1996,n,96571.12,812.38
Hana,Shelmerdine,7/3/1972,n,25966.74,787.79
Griffie,Calafato,26/5/1985,m,29127.11,574.66
Sara-ann,Guidera,25/11/1999,m,5658.31,628.6
Ailyn,Sally,18/7/1968,m,86398.86,611.65
Damiano,Sedcole,31/1/1960,f,15886.91,275.23
Ardeen,Konke,29/12/1960,n,77067.4,961.52
Aeriela,Boyle,30/11/1995,n,61317.54,340.64
Joe,Farans,14/3/1980,f,59107.2,810.23
Ethelind,Dougher,21/2/1959,m,41679.1,367.66
Sophie,Salzburger,18/12/1946,n,64897.17,402.28
Lucilia,Longmire,11/5/1964,m,28444.32,383.46
Raye,Le Jean,21/9/1974,n,68508.38,896.53
Ignace,Penley,25/12/1955,f,67209.12,572.17
Lockwood,Gary,21/2/1953,m,66327.39,743.69
Austen,Housby,30/9/1971,m,49628.06,954.78
Arel,Boreland,27/11/1973,f,60726.9,581.91
Mady,Roswarn,11/9/1999,n,1989.62,295.5
Ernie,Childrens,30/7/1986,n,46620.37,335.07
Vanessa,Reedy,24/8/1962,f,19828.58,621.43
Alanah,Slevin,8/3/1969,f,9570.46,325.9
Heddi,Goddman,12/8/1975,f,90200.82,119.61
Barron,Pellingar,3/1/1965,n,35392.8,291.38
Nappy,Osgood,3/11/1975,m,25263.6,433.15
Donelle,Pooke,19/10/1953,n,59570.12,231.45
Fabe,Baldacchino,25/6/1958,n,66596.55,737.78
Silvanus,Comiam,15/12/1955,n,19152.03,229.47
Karissa,Agate,31/12/1957,m,28972.56,667.47
Rhianna,Bennitt,21/7/1952,m,79647.2,845.25
Clarke,Verheijden,24/3/1970,f,49511.02,710.31
Brit,Dalston,1/7/1960,f,80464.51,710.98
Jeanine,Frounks,21/11/2000,n,4026.55,584.48
Timoteo,Leneve,29/6/1994,n,61641.0,307.35
Nessy,Berdale,11/10/1978,n,86442.0,430.85
Stacee,Slewcock,19/7/1994,m,88096.67,528.07
Alberta,Eouzan,21/9/1968,f,90356.63,180.67
Maximilian,Glaister,18/10/1997,f,65138.09,188.65
Bernadine,Klugman,23/8/1970,f,6894.55,239.08
Nixie,Lorant,30/12/1957,n,31246.76,786.61
Maje,Rowles,14/8/1980,n,4347.2,517.96
Noble,Thomsson,20/12/1962,f,40430.78,128.59
Vic,Tremouille,14/5/1962,m,51788.36,169.23
Nessi,Lepere,9/3/1971,n,65698.36,200.4
Easter,Jeppensen,25/6/1948,n,3210.57,268.49
Randi,MacNeely,22/3/1995,f,79817.56,588.24
Carlynne,Guppie,14/4/1951,n,52869.5,708.09
Casi,Tomadoni,4/8/1980,m,27531.49,685.23
Lammond,Beric,18/11/1953,f,23072.97,649.73
Irita,Gemmill,20/1/1987,n,67514.55,632.12
Myrlene,Simanenko,2/5/1946,n,74745.64,487.22
Rhiamon,Wooffitt,11/5/1996,f,33511.9,307.79
Ariel,Allin,27/1/1999,n,14369.17,332.99
Jo-anne,McGahern,20/8/1981,f,81561.91,759.95
Hadley,Wallas,11/9/1959,m,34438.06,180.74
Renell,Glasspoole,7/2/1959,f,52329.49,547.72
Talia,McVrone,1/9/1946,m,4727.51,725.67
Britt,McTague,9/10/1953,f,63900.47,840.31
Kat,MacKay,28/10/1998,n,69369.73,146.53
Aube,McGriele,1/12/1984,n,54164.13,922.92
Cecelia,Whetland,22/8/1986,m,99716.5,119.23
Selina,Kearsley,26/1/1947,n,25799.05,203.77
Decca,Dyson,14/10/2000,n,68651.53,945.81
Anthony,Osichev,8/6/1969,m,74769.17,928.69
Vanni,Duffell,16/4/1948,n,41462.81,811.98
Deena,Mattiassi,2/9/1975,f,8582.35,925.22
Adina,Seamons,31/12/1998,f,2183.4,436.41
Mal,Gotts,10/10/1947,f,57242.24,574.46
Ingram,Spring,26/2/1977,f,31228.64,633.0
Frasier,Gibby,6/1/2005,m,81431.25,448.26
Jilleen,Compford,12/10/1983,n,90524.12,261.57
Putnem,Turney,20/11/2003,f,25109.85,590.43
Leigh,Jobke,4/9/1998,n,49620.84,995.39
Amara,Fulton,2/2/1983,n,7757.86,908.04
Herold,Featherstonhaugh,19/10/1963,n,1922.92,397.83
Cris,Jinda,26/3/1983,n,69449.6,677.5
Anestassia,Preuvost,26/10/2001,m,28054.06,724.8
Cissy,Persse,28/10/2002,m,39419.09,854.56
Retha,Bwy,27/12/1978,f,17434.81,487.99
Marcus,Gudgeon,19/10/1978,f,38128.52,300.19
Lucais,Wyeld,20/12/1964,n,38841.27,195.03
Kermy,Duiged,31/12/1973,f,49747.68,535.21
Gottfried,Gulland,18/2/1948,m,9463.01,669.96
Meredeth,Aysh,15/3/1973,m,66260.76,948.97
Kelley,Cunnington,2/10/1950,n,84870.7,222.0
Mike,Rentcome,17/5/1950,n,10349.29,219.18
Madel,Earle,15/4/1954,n,57421.45,378.62
Norah,Paoletto,6/8/1980,n,97510.69,105.83
Sarine,McCuis,5/2/1974,m,69109.66,145.73
Frederico,Driuzzi,30/11/1948,f,74445.66,378.14
Edee,Cettell,8/1/1998,f,17733.7,894.36
Sibeal,Mebius,26/2/1960,f,60833.4,104.6
Jed,Tinsey,24/10/1956,m,17592.17,222.27
Anatola,Webber,23/12/1970,m,3369.17,898.23
Oralle,Noriega,26/8/1967,m,87701.01,676.62
Melody,Dacks,8/5/2000,m,45666.6,727.43
Faulkner,Gaymer,10/10/1971,m,39045.21,473.18
Iago,Tudor,28/5/2000,n,52529.86,558.85
Jorgan,Oswald,24/5/1973,f,28163.89,638.27
Arvy,Rook,28/12/1952,n,55747.35,106.49
Tawsha,Cadigan,3/1/1970,f,29221.1,289.25
Cece,Emblin,11/12/1981,f,56126.32,903.59
Tades,Course,30/10/1963,f,47016.32,584.07
Fin,Chaster,8/1/1961,f,30160.27,671.91
Shurlock,Biggen,31/12/1983,n,6793.73,189.15
Ignacio,Lucus,31/3/1963,f,22690.74,773.59
Tammi,Dominetti,17/10/1963,n,51627.74,145.51
Brant,Duer,25/11/2000,m,57684.71,782.56
Lee,Dearnly,20/10/1949,n,87017.47,801.43
Benny,Cheesworth,8/4/1998,n,32290.31,592.26
Alfredo,Petto,16/6/1982,m,62405.33,460.1
Cory,Stonnell,16/6/1974,n,58972.48,955.01
Delaney,Thomasen,21/6/1979,m,34970.42,943.64
Tab,Balaisot,7/4/2001,f,21828.24,297.88
Walsh,Accum,15/2/1992,f,82520.49,871.85
Patrice,Wilgar,6/11/1948,n,34221.79,141.93
Adeline,Gambie,24/4/1987,f,90639.27,666.49
Wallis,Klemmt,23/1/1984,n,86567.1,156.85
Gradey,Trussler,8/2/1998,f,93409.23,632.69
Kathy,Brine,21/1/1975,f,98685.52,986.74
Agnes,Jaqueminet,5/4/1955,f,42599.5,874.82
Rici,Drinkall,28/3/2001,m,67164.72,634.15
Gilbertine,Jugging,21/6/1976,n,49943.17,219.81
Saunder,Tremberth,7/4/1999,m,94926.81,819.11
Vasily,Zylbermann,9/4/1951,m,82276.18,444.96
Ches,Newlin,20/9/1989,f,80321.69,733.62
Laural,Coster,29/2/1968,m,46078.85,613.85
Nolie,Haughian,9/7/1972,m,12753.34,578.97
Stephen,Bark,9/4/1980,m,43779.5,798.22
Lotti,Latter,24/4/2001,m,61200.53,173.67
Catie,Driscoll,9/8/1981,f,92574.84,411.1
Gasper,Tie,10/12/2000,f,64465.14,655.28
Cleveland,Ebbett,28/1/1947,f,15014.99,114.82
Sabrina,Rembaud,29/2/1984,m,46573.69,789.45
Delinda,Dalrymple,25/4/1962,m,56918.08,914.41
Ralph,Edmed,10/1/1971,m,2901.09,676.97
Shannan,Suttie,18/6/1959,m,82444.11,139.19
Auria,Burdell,7/1/1952,m,77559.0,893.6
Emeline,Ibbeson,27/7/1949,f,78345.82,268.48
Darius,Brimmicombe,4/11/1975,f,12358.06,825.05
Remington,Caunce,19/6/1960,n,66224.81,820.99
Angil,Mish,6/11/1960,m,42470.47,896.64
Spense,Smeaton,8/3/2001,m,66433.74,474.62
Jerad,Stickins,10/6/1959,f,83639.25,826.29
Brander,Dorman,14/3/1967,f,71968.32,926.27
Lynsey,Grigaut,23/1/1945,f,80223.32,452.09
Allie,Letchmore,6/5/1995,f,96973.28,111.63
Alverta,Chittey,6/3/1978,m,15595.79,655.47
Rance,Pickerill,30/11/2003,f,36078.65,458.15
Corabella,Crowch,15/2/1972,n,61048.03,751.27
Gifford,Orehead,27/7/1994,n,71815.88,760.68
Nikki,Buten,15/6/1995,f,99449.37,563.31
Morgan,Monson,10/9/1986,m,59677.74,665.04
Jdavie,Webster,19/10/1971,n,9286.01,131.8
Luce,Wallsworth,14/3/1978,m,17772.43,918.5
Cathy,Weatherburn,22/12/1960,m,30060.59,586.98
Patten,Stockwell,25/1/2000,f,51017.26,930.96
Ossie,Fairburn,25/6/1969,m,39702.03,297.76
Nicol,Euels,8/3/1997,f,75941.11,759.69
Samuele,Braisby,12/6/2000,m,22673.95,387.83
Sarina,Kanzler,22/7/1971,f,86844.97,515.79
Thacher,Ribeiro,28/8/1971,f,63765.04,303.29
Jamey,Stock,4/3/1945,m,18251.69,921.03
Addison,Foran,9/12/1985,m,10687.14,651.87
Garreth,Bleackley,5/2/1985,m,39586.66,819.46
Heindrick,Terbrug,10/2/1984,f,66891.47,471.46
Germain,Berkely,4/11/1988,m,22404.04,606.6
Malchy,Dadge,30/1/1946,f,56570.12,352.6
Prudence,Hollows,1/3/1991,f,78370.24,109.54
Eugenie,De Cristofalo,16/12/1957,f,64551.53,410.52
Aylmer,Doohey,6/7/1956,f,14331.79,945.95
Orbadiah,Samwyse,18/12/1978,n,15079.33,619.99
Averil,Rennocks,21/12/1993,m,71618.11,125.06
Marci,Stotherfield,1/9/1960,n,79484.59,509.13
Tallou,Briant,9/7/1950,n,10157.87,348.38
Charis,Mathison,31/3/1954,m,-7.77,644.99
Freda,Dedman,7/10/1985,n,34279.44,947.27
Shirlee,Gerriessen,1/9/1955,f,15515.99,605.65
Amory,Overton,13/7/1954,m,28115.98,735.02
Jerrie,Wigelsworth,13/6/1949,f,28576.79,328.76
Jinny,Yendle,10/12/1979,m,45329.23,528.44
Benny,Van,6/9/1976,n,72015.72,439.46
Bourke,Moult,8/11/1973,n,13240.46,927.82
Hayden,Espinosa,10/12/1951,m,87156.99,779.91
Isiahi,Garie,5/7/1954,n,63788.89,291.71
Kellsie,Ardern,30/4/2003,f,41001.82,529.64
Xymenes,Broderick,30/3/1987,n,68663.01,611.09
Wilt,Drummond,7/11/1995,m,29994.01,662.85
Gratia,Burle,1/4/1948,m,64358.12,891.59
Fonz,Orkney,17/5/2003,f,62459.68,131.88
Annecorinne,Crossthwaite,4/11/1964,m,63358.79,761.09
Conney,Trimmell,13/12/1996,n,18889.76,566.73
Krispin,Pinnigar,24/9/1989,f,8683.89,668.18
Denise,Cranshaw,5/5/1975,f,97275.09,464.88
Gwyn,Banger,1/5/1954,m,33264.66,685.67
Demetri,Brelsford,14/5/1960,m,89248.15,733.52
Birch,Tocknell,2/9/1986,n,62240.23,141.12
Rivalee,Kavanagh,12/3/1958,f,40600.15,811.74
Christoffer,Ewen,21/11/1982,m,65709.48,409.49
Royal,Povey,20/10/1969,n,69087.63,932.45
Deeyn,Tregona,18/5/2002,n,69874.22,268.76
Desmond,Sotworth,22/5/1951,m,48359.8,217.09
Byrle,Coppard,28/10/1993,n,55228.41,469.15
Bobina,Hambidge,21/10/1957,n,31084.1,463.01
Virgie,Cubbinelli,10/1/1948,f,19404.36,918.33
Trixie,Crocetto,7/4/2004,f,76241.85,162.82
Cornelle,Hinksen,19/6/1977,n,33979.28,290.79
Aundrea,Delgua,6/9/1970,m,1244.42,188.84
Carmine,Stave,28/8/1985,f,44194.46,393.5
Charlean,Van De Cappelle,9/6/1961,f,63405.86,450.29
Carin,Tetla,6/5/1993,f,6221.83,156.14
Aggie,Tredinnick,26/12/1968,f,69348.12,886.93
Zacharias,Fernie,17/9/1956,f,18887.69,602.37
Rustin,Ivey,24/1/1969,n,55936.4,229.07
Adriana,Keoghane,15/7/1995,n,15823.63,256.1
Corissa,Jurek,11/9/1984,f,21816.73,997.92
Prisca,Brookzie,10/8/1962,f,35468.05,279.71
Lorry,Jennrich,25/4/2001,f,82557.26,678.83
Meg,Jerrard,9/12/1960,n,33926.17,662.02
Bonnibelle,Furlong,27/11/1991,m,42956.31,346.42
Carry,Tarbard,28/3/1949,f,95849.22,367.21
Tuesday,Speak,30/7/1962,n,65396.81,650.89
Herschel,Astling,19/10/1983,n,24732.82,349.56
Elias,Charter,7/9/1945,f,79203.31,851.11
Elinore,Wolland,20/11/1961,n,38233.45,126.48
Bevvy,Saladino,22/4/1998,n,60015.35,691.41
Ozzy,Lanigan,16/5/1987,n,79020.26,426.71
Filberte,Sabattier,7/3/1945,f,71769.37,444.02
Sabra,Durrant,10/11/1996,f,61945.16,984.64
Judas,Nesey,10/6/1975,f,78403.49,689.95
Montague,Milier,3/2/1967,n,15900.42,145.54
Lorelle,Casse,26/6/1968,f,95128.98,871.12
Angela,Sowersby,22/7/1945,m,10850.03,888.88
Mellicent,Brownjohn,23/2/1969,n,43638.19,249.84
Sarine,Rutherford,21/4/1990,f,40647.25,258.38
Leicester,Guyer,9/8/1963,f,86509.81,365.18
Don,Carff,13/6/1945,n,69421.6,846.47
Rem,Giottoi,17/4/1989,n,9099.85,457.09
Mace,Cracknell,29/1/1964,f,68381.8,975.63
Patrizio,Sparkes,2/3/1983,f,46835.7,969.9
Henka,McVicker,16/10/1996,n,27631.19,167.46
Bryce,Newvill,4/7/1969,n,91843.92,248.69
Cody,Pirdue,27/3/1999,f,33012.87,619.2
Conrade,Cowie,5/11/2003,m,70533.84,423.39
Urbanus,Stowe,10/9/1982,f,7725.03,875.48
Valentino,Shatliffe,7/2/1972,n,22004.23,305.37
Sib,Ettles,25/7/1995,f,66470.82,515.99
Daryl,Stokell,20/1/1980,n,91589.48,305.07
Goldi,Karolowski,18/5/1969,f,63206.81,562.85
Trenna,Lacaze,27/6/1982,f,70523.02,791.94
Parker,Pedrocchi,2/6/1970,f,62132.57,120.19
Ninnetta,Brumbie,3/12/1986,m,59055.54,211.32
Celesta,Niche,19/9/1996,n,15330.13,506.05
Audra,Errey,28/1/2003,m,90861.75,925.45
Elmore,Bagworth,3/2/1954,f,13933.46,525.69
Vince,Bahls,14/3/1982,f,51300.88,524.6
Aurilia,Moylane,14/9/1995,m,99769.84,504.29
Devlen,Bardwell,3/9/1974,n,42788.19,872.04
Tully,Elverstone,6/12/1956,f,10273.23,295.13
Deloria,Shurey,9/7/1981,f,89406.05,808.64
Chalmers,Cisson,30/3/1986,m,2953.44,121.88
Pearle,Nawton,13/3/1993,f,96824.16,397.61
Carter,Celler,13/8/1959,f,38992.96,665.37
Franny,Soans,22/12/1946,n,45160.79,185.36
Baryram,Samudio,9/3/2000,f,29321.66,162.61
Minnaminnie,Abraham,16/7/1989,m,46518.17,316.95
Carly,Christley,17/9/1953,m,75927.38,766.98
Rici,Rubinovici,18/3/1986,m,36941.71,880.0
Cecil,Sayre,15/3/1982,n,36046.57,583.86
Alard,Delooze,18/4/1988,f,79610.17,623.18
Griz,Dilger,23/4/1977,f,36540.86,569.51
Jacynth,Zanioletti,27/8/1962,f,70998.72,566.13
Chrysa,Giddens,7/10/2000,f,11597.32,668.24
Trace,McTurlough,9/4/1963,m,20241.69,103.37
Ryun,Burkin,15/1/1977,f,17150.02,252.25
Gerty,Creus,11/6/1994,m,13206.86,354.74
Lurette,Sullens,11/10/2002,m,73103.42,134.27
Timoteo,Magson,2/11/1975,f,9267.61,237.89
Ellsworth,Aucoate,6/8/1971,m,14475.88,283.89
Fergus,Corah,5/9/1977,n,89365.75,817.51
Jermaine,Virr,22/1/1965,m,11376.91,245.17
Ashely,Carmont,14/10/1975,n,18609.42,343.05
Rosabella,Emnoney,25/3/2001,m,43131.64,862.78
Candida,Tinner,20/6/1992,m,54122.49,497.31
Benedick,Malec,2/12/1953,n,6626.32,893.26
Jena,O'Dea,23/6/1947,m,72580.33,804.65
Troy,McGreal,31/10/1945,f,89962.12,487.47
Wren,Gilcrist,13/11/2004,n,93983.19,523.1
Katheryn,Lewisham,24/4/1998,n,81506.0,639.66
Tim,Mander,1/4/1972,m,88198.36,940.56
Sheena,Speedin,6/7/1966,f,70615.5,433.37
Isaac,Welchman,1/9/1959,n,56195.66,370.08
Ursuline,Hugnin,30/10/1949,m,20742.74,829.4
Anastasie,Proschek,18/3/1968,f,4343.89,225.98
Lillis,Kinnock,19/8/1996,f,85541.82,305.43
Wendi,Bacon,22/7/1949,n,19582.54,586.52
Weidar,Sexcey,10/11/1947,n,39121.05,898.22
Winifred,Daventry,15/2/1993,n,35256.69,541.38
Paolina,Coslitt,29/9/1967,m,9810.23,158.23
Chickie,Ferrolli,1/12/1985,m,35577.46,776.15
Nelia,Oxenford,4/10/1978,m,33594.8,623.24
Desmond,Abarough,20/8/1969,m,57545.92,661.84
Wallache,Leethem,15/8/1980,n,7282.82,619.27
Hayley,Frotton,10/8/1955,n,68448.04,513.9
Vitia,Garlinge,3/12/1968,f,62838.77,735.74
Norah,Hearne,15/6/1970,f,42601.19,855.85
Juana,Darleston,8/8/1946,n,40097.1,442.35
Eada,Wavell,10/10/1955,n,41750.72,830.68
Sansone,Tumasian,22/4/1964,n,16778.22,337.11
Kain,Meech,17/8/1959,n,63170.07,511.63
Karrah,Fanning,10/6/1981,f,4566.36,272.85
Antonia,Klimkovich,2/5/1957,m,14257.13,133.67
Rosana,Tretter,23/3/1994,m,38368.73,332.14
Karoly,Bouette,18/5/1952,f,89745.85,192.46
Shirl,Duetschens,28/11/1987,m,5378.02,605.12
Clemmie,Klemps,16/5/1978,f,12995.8,315.43
Bathsheba,Plinck,10/1/1972,n,85005.19,495.11
Tarrance,Daniele,24/9/1985,n,53207.96,578.97
Robers,Paish,24/1/2001,n,39132.48,567.33
Tate,Ginni,10/6/1958,f,46083.2,948.85
Pattin,Barth,22/12/1960,n,1807.76,252.73
Emlyn,Scrivens,29/4/1978,f,14859.72,955.82
Lindsey,Samarth,19/11/1996,m,18991.71,635.72
Mathe,Laurenson,17/4/1975,n,37385.85,268.04
Diahann,Meritt,1/6/1971,m,45400.72,423.35
Toddie,Belton,8/12/1991,f,6936.8,130.29
Tallia,Fane,12/8/1984,m,86079.59,560.81
Grace,Barracks,8/11/1971,n,13088.12,775.55
Gretna,Sidney,15/9/1962,f,7048.32,603.37
Estelle,Glentz,19/10/1947,n,1964.06,280.63
Mable,Hugli,19/6/1964,m,63585.85,949.92
Pammi,Gilbard,11/1/1961,m,33191.43,494.36
Elwira,Very,17/1/1985,m,98260.21,154.94
Jessika,Connold,31/12/1963,n,9992.89,107.4
Hetty,Sharman,24/5/2004,m,46315.16,404.46
Foster,Espine,10/1/1983,n,80921.7,730.77
Horatia,Bowick,13/10/1984,f,53232.27,544.2
Tris,Stratiff,2/4/1998,f,74834.48,193.63
Sadella,Kohnert,17/8/1982,f,28184.43,975.37
Farah,Herion,19/9/1995,f,21128.44,493.35
Kettie,Bonas,13/11/1972,m,69409.0,465.75
Jane,Pavel,20/10/1977,n,84151.65,927.91
Bondon,Stevens,20/7/1995,f,4759.23,354.4
Hildagard,McMains,17/3/1976,f,48051.31,754.51
Nikolaos,Brislen,25/3/1968,f,92039.06,242.6
Frasier,Perico,5/10/1952,n,37424.36,313.43
Pattie,Daenen,1/3/1963,n,58707.55,347.54
Mirabella,Rickersey,10/3/1991,m,49528.05,568.49
Thia,Bannester,12/11/1959,n,21753.0,362.67
Matteo,Heeley,13/9/1959,f,91878.95,985.16
Marilyn,Pepon,20/9/1948,n,63482.56,261.83
Nanny,Feldon,16/4/1947,n,84887.59,980.64
Si,Diamond,19/8/1971,n,59755.61,518.39
Lorine,Hallet,27/1/1969,m,98817.18,464.95
Jeanelle,Gerren,27/10/2003,n,16791.88,208.3
Kissie,Dunnet,26/5/1951,f,52016.46,224.81
Wiley,Mathwen,14/6/1954,n,88366.61,691.63
Freemon,McCrostie,27/1/2002,f,716.81,173.93
Wanda,Matts,16/2/1996,f,79306.85,846.96
Rab,Burgiss,10/12/1949,m,78009.89,347.18
Prescott,Rutt,17/4/1976,m,11594.24,962.84
Jayme,Fenny,8/3/1960,m,65444.73,366.34
Joseito,Scarlan,3/8/1960,m,81036.83,832.33
Aldous,Sturch,29/5/1990,m,48587.21,653.33
Jenica,Brunesco,14/7/1994,m,27602.49,654.74
Grannie,Enrdigo,25/6/1982,m,10194.76,234.61
Corly,Clough,8/3/1948,m,35219.26,803.4
Jorie,Hammerberger,4/10/2004,f,57222.47,701.24
Konstantin,Ollington,1/3/1982,f,41707.07,450.9
Shadow,Esp,10/7/1956,n,85270.16,465.4
Winn,Pullman,17/8/2000,m,96198.75,524.94
Enriqueta,Sole,24/3/1985,f,30886.21,409.2
Gretta,Backshell,24/3/2003,n,68471.48,518.45
Emmaline,Jorioz,12/1/2000,m,8946.1,175.13
John,Elcombe,27/9/1992,n,55503.82,895.12
Kelbee,Muttock,27/1/1958,m,73670.47,861.7
Jaimie,Hesser,15/8/1969,f,83971.24,392.32
Garry,McSaul,4/2/1952,f,43230.15,199.66
Hersch,Barrar,30/5/1954,m,55399.08,921.73
Ophelia,Edgeon,21/5/1958,n,30083.42,520.29
Mufinella,Sachno,20/3/1968,n,45776.06,515.76
Blakeley,Clitsome,14/10/1961,f,3153.47,434.18
Celisse,Standidge,31/5/1962,m,1240.67,356.24
Phil,Oldfield-Cherry,7/1/1971,m,13441.34,482.43
Karrie,Honisch,30/4/1957,n,47317.84,775.23
Creight,Fallawe,13/10/1948,f,34757.94,712.83
Olivia,Mapston,21/12/1996,f,45984.62,819.42
Abdel,Arkill,6/11/1947,m,11915.54,632.23
Ailsun,Egle of Germany,16/10/1974,f,73690.38,281.91
Olva,Farley,3/5/1948,n,29217.67,128.34
Jyoti,Gaskall,22/11/1995,f,65123.23,392.94
Michal,Mariault,8/4/1948,m,36762.65,738.74
Ewart,Baudassi,28/8/1949,n,56171.63,363.24
Earl,Blaber,22/9/1980,f,71063.86,476.06
Lindy,Lamburn,1/12/2000,m,96955.51,969.87
Amandy,Casoni,6/5/1972,n,33488.7,788.27
Amalie,Drummer,8/11/1955,f,10791.89,171.9
Tildy,Churchill,13/12/1981,f,59195.38,285.17
Caspar,Andretti,30/9/1948,f,83679.29,967.02
Dominica,Varlow,13/7/1959,n,33320.86,807.41
Jacenta,O'Lahy,2/8/1963,n,30648.05,403.48
Germain,Gogarty,1/8/2000,f,79960.45,439.58
Aggy,Twatt,5/10/1980,f,95659.92,425.63
Blane,Orta,26/10/1980,n,66903.41,898.27
Merla,Brazur,5/9/1956,n,52440.07,428.64
Merry,Polhill,11/11/1975,m,96866.43,111.6
Franny,Scamel,2/5/1962,f,31668.76,585.01
Cherey,Gapper,19/7/1980,f,13146.86,108.94
Katina,Collinwood,21/10/1985,f,79024.02,632.51
Osbert,Boydle,20/9/1970,m,61969.8,876.88
Paxon,Escudier,3/3/1993,m,56121.98,564.46
Flin,Noni,1/12/1963,n,6671.97,380.28
Loralee,McTear,13/11/1952,n,53402.29,940.36
Anallise,Camilli,15/8/1988,f,52377.65,121.28
Avrit,de Marco,1/6/1970,n,58303.02,797.52
Hesther,Worsfield,9/6/1977,n,79270.26,521.34
Rosalinde,Bezemer,7/2/1960,m,54908.91,291.69
Midge,Wedderburn,31/10/1979,f,26983.29,628.75
Karylin,Rogerson,18/3/1977,f,59676.56,771.26
Rollins,Attewill,4/12/1967,n,44455.98,578.92
Farrand,Gitting,26/1/1955,m,14060.84,135.63
Tani,Maddinon,31/1/1986,f,707.73,181.63
Torrin,Filippozzi,20/3/1980,m,4026.8,164.45
Jandy,Jewise,22/3/1980,m,67028.15,710.37
Ammamaria,Cossam,3/12/1974,m,81622.14,798.91
Orlan,Allibon,20/8/2004,f,93323.95,280.55
Euphemia,Haccleton,15/10/1977,n,59731.95,881.11
Marcos,Sissens,23/12/1946,n,9738.2,339.15
Chucho,Biggar,14/9/1947,m,23602.96,665.83
West,Baudins,26/2/1961,n,29869.44,152.6
Christiana,Bourbon,4/9/1956,n,27527.57,735.93
Lorie,Gives,3/3/1956,m,83562.27,172.74
Melessa,Fishleigh,7/12/1998,n,-71.3,456.27
Danella,Avory,23/5/1946,f,83593.23,134.54
Boy,Refford,29/6/1984,f,42940.44,662.01
Gardie,Enoch,26/2/1947,f,811.27,510.66
Hunt,Barlthrop,2/8/1948,f,81173.67,982.65
Emily,Ralphs,12/5/1954,n,34604.09,759.81
Neils,Raiker,10/8/1948,f,79747.31,414.59
Nedi,Parkey,10/9/1999,f,61577.67,736.58
Kiersten,Hammand,15/6/2001,f,31811.92,992.97
Reena,Stone,24/12/1973,n,52638.39,727.39
Alix,Corradetti,21/6/1992,f,12829.29,273.88
Ashby,Bees,6/4/1963,f,18571.08,274.74
Winn,Caslin,29/3/1959,m,41215.69,996.64
Ky,Finlan,4/9/1950,n,27776.81,610.35
Kai,Covolini,15/4/1963,f,69445.5,775.77
Alisander,Hitchens,13/5/1989,m,8516.94,572.68
Yoshi,Tweedlie,8/8/1949,m,80021.79,128.38
Ulrica,Kingescot,13/1/1946,f,810.03,819.19
Theobald,Aynold,26/6/1990,f,74135.43,711.01
Archie,Nesfield,28/10/1955,n,43688.74,322.66
Florette,Crenshaw,3/6/1980,f,47987.77,426.72
Duane,Duckerin,13/1/1971,m,60102.79,989.08
Rubetta,Scimoni,17/11/1949,f,6626.08,768.71
Marcelline,Gunbie,2/3/1998,m,59824.88,775.88
Alicia,Grabeham,7/10/1991,f,82493.66,126.36
Adolpho,Pegler,16/4/2000,m,16108.37,393.45
Hedvige,Corbyn,4/9/1991,n,87477.2,909.44
Ibby,Shory,29/4/1997,f,66844.11,909.09
Clerkclaude,Snoddy,11/12/1951,n,95938.91,889.37
Scotty,Sivell,16/1/1988,n,35037.53,479.62
Loy,Roderighi,9/1/1977,m,98044.59,822.94
Danella,Rubenov,28/7/1946,m,80933.08,327.23
Tessie,McKay,5/6/1974,m,3468.11,416.75
Josephine,Durram,27/12/1983,f,83422.94,575.23
Baxy,Doud,1/7/1946,n,8527.27,605.62
Hyatt,Lambourne,15/1/1974,m,7106.68,479.18
Emlyn,Geroldi,27/8/1959,f,16574.84,372.59
Shirl,Parks,28/5/1962,m,5970.6,801.54
Doyle,D'Onisi,27/2/1977,n,834.32,437.24
Kelbee,Gapper,11/12/1961,f,99747.38,243.45
Garrott,Wotherspoon,10/8/1982,f,90055.33,411.73
Leighton,Dellow,17/1/1968,f,16296.58,569.25
Ev,Shapcott,18/8/1968,n,47221.23,316.36
Shelbi,Theaker,18/5/1956,n,39000.94,864.13
Marleah,Lay,6/8/1992,m,84856.89,406.48
Kermie,Mulmuray,20/9/1961,m,86587.72,921.39
Cristionna,Moret,22/2/1995,n,66659.9,895.74
Lise,Berthomieu,29/4/1996,n,98918.41,515.66
Gerry,Rains,17/7/1950,m,97178.45,117.33
Willy,Lawrence,8/5/1946,n,63713.9,325.38
Babbie,Petegre,3/4/2000,f,62629.29,251.62
Deina,Salvin,2/7/1945,n,48362.0,767.93
Harvey,Hollibone,1/4/1972,m,39297.41,471.84
Tillie,Welberry,25/11/2004,m,86893.3,730.73
Xylia,Doylend,8/8/1988,n,7314.27,849.27
Corina,Arber,10/9/2003,n,12586.47,845.4
Edik,Imlin,2/7/1980,f,12106.28,593.21
Marje,Danielli,15/11/2002,f,26469.48,403.35
Lorette,O'Brian,8/1/1979,m,92629.58,384.73
Ramona,Henrichs,17/10/1968,n,51704.25,625.23
Cass,Full,7/5/1970,m,76979.72,819.71
Elisha,Dwerryhouse,9/8/1951,f,26576.79,103.55
Royall,Saw,16/2/1962,f,85197.95,811.67
Davin,Yerrill,26/7/1996,m,43280.94,964.44
Luca,Dotson,29/7/1949,n,40521.19,620.74
Jobina,Bernardos,20/3/2001,m,66667.55,203.87
Winnah,Sinisbury,3/12/1947,n,42312.14,761.11
Drucill,Douris,10/4/1984,m,55279.17,594.56
Jordanna,McManus,4/2/1948,f,7338.72,699.52
Astra,Mitchenson,7/1/1989,n,99129.47,390.08
Verne,Batting,30/9/1959,n,29499.16,269.48
Roi,Gaines,1/9/1994,m,1728.81,726.73
Prudence,Pabel,9/12/1996,m,127.04,739.34
Gerladina,Crampsey,3/10/2004,m,84218.13,752.84
Anselm,Moulton,30/3/1993,m,25327.58,631.18
Benjie,Odney,19/1/1946,n,95784.58,663.68
Allistir,Bracer,12/4/1992,f,32649.95,438.13
Cordelie,Branwhite,17/9/1991,m,38342.64,205.84
Lancelot,Court,8/8/1953,n,38460.68,323.31
Leia,Silversmidt,18/10/1994,n,97596.44,673.8
Chicky,BoHlingolsen,30/1/1968,m,42960.89,327.1
Kori,Frossell,20/3/1972,n,46490.81,293.08
Kathie,Bachs,14/9/1988,f,38807.22,596.17
Teodoro,Trahair,17/6/1963,f,69210.79,444.57
Casar,Bourdice,19/1/1965,m,24917.81,231.8
Selie,Imlin,3/11/1995,f,54372.21,906.67
Jobie,Longmaid,7/7/1979,m,11088.61,935.24
Kellie,Allibone,16/4/1966,n,34502.93,880.35
Fabe,Axtens,4/12/1956,m,75224.8,394.63
Archie,Sowersby,9/12/1981,f,36946.09,763.4
Joela,de Courcy,31/3/1970,n,12577.69,465.13
Francyne,Moriarty,19/4/1986,m,73036.92,845.36
Gillan,Dickon,14/9/2000,f,7610.84,785.78
Linette,Kowal,25/9/1992,f,77561.97,575.46
Kacie,Pawsey,26/8/1983,f,89642.88,247.36
Lacey,Everiss,21/5/1976,n,38490.49,954.62
Gerald,Kobpal,5/6/1997,m,19755.28,623.82
Ericha,Bedding,28/9/1971,n,32439.98,153.46
Gisela,Levicount,30/6/1978,m,62777.03,930.96
Arnoldo,Tuftin,24/1/2000,f,11808.29,343.41
Jacky,Jannasch,2/8/1953,m,3705.21,821.66
Martica,Colls,17/2/1991,n,804.83,321.27
Obie,Halloway,6/2/1986,m,28240.66,265.3
Rickey,Rowley,30/10/1979,n,24324.44,758.24
Becca,Glasgow,6/10/1974,f,65904.34,494.23
Alvie,Colliss,13/7/1945,n,59715.56,221.92
Caron,Diwell,8/11/1953,n,56464.67,605.94
Dorelle,Dreinan,28/3/1987,n,74557.86,408.92
Nelson,Blackleech,19/5/2001,m,13834.74,702.72
Ilse,Boynton,8/4/1961,f,63082.21,579.99
Dacey,Damiata,22/7/1957,m,62493.99,122.55
Laure,Dabling,16/10/1970,m,93168.06,378.19
Brock,Tynemouth,24/8/2000,n,93149.59,849.45
Beau,Corfield,27/11/2001,m,32045.75,498.5
Clement,Wand,6/7/1996,n,78701.73,544.58
Cy,Larrosa,20/8/2003,n,4143.36,138.82
Austin,Ruhben,14/4/1968,m,13614.55,970.89
Gretta,Hearse,26/8/1955,m,91577.18,451.05
Augustine,Jeffs,14/8/1987,m,65839.96,316.81
Adelind,O'Logan,30/1/1996,m,64816.98,944.11
Tamra,Gatley,11/2/1951,f,13784.24,967.61
Adolphe,Chilley,2/11/1981,f,84006.52,526.7
Avril,Bedinham,30/4/1963,f,4466.24,490.74
Gerladina,Fielden,16/2/1982,m,18317.84,394.82
Gayla,Horder,27/4/1973,n,85970.8,524.93
Harley,Philps,5/11/1998,f,20358.95,314.88
Cindi,Brownfield,29/9/1980,f,81028.1,690.33
Candie,Sangar,5/4/1994,n,77374.85,481.53
Rowe,Grimolbie,18/8/1978,n,98034.16,731.28
Udell,Wedmore.,8/4/1964,f,64101.46,971.06
Berti,Ruppele,24/3/1957,m,48451.16,388.56
Francesca,Senecaux,4/4/1997,m,26732.91,462.49
Eryn,Juniper,16/9/1954,m,41899.88,511.88
Angelo,Stockoe,13/2/1952,m,23728.09,953.89
Claudelle,Wadge,4/9/1998,n,47532.0,754.9
Helyn,Caiger,6/4/1994,n,47063.49,124.76
Arnaldo,Copperwaite,19/2/1987,m,67658.08,634.67
Colly,Dagger,29/9/1998,m,60344.45,595.59
Carroll,Nicholas,25/5/1948,m,40196.51,567.95
Lorianne,Fawcett,4/11/1946,f,45805.36,735.99
Sax,Dioniso,8/8/1964,n,40670.65,782.15
Valeda,Pettingall,17/9/1949,n,35045.97,400.59
Mata,Andreucci,29/9/1958,f,71487.88,731.28
Annice,Jarrelt,16/8/1958,m,52697.11,243.42
Donnajean,Wilcocke,16/1/1983,m,18336.66,561.78
Carlee,Perigo,24/9/1991,n,46996.94,295.24
Boot,Wain,20/4/1961,n,11595.58,660.76
Brit,Wollers,9/6/1948,m,35357.66,195.56
Elke,Rey,28/9/1983,m,63067.64,860.85
Ronny,Cullum,28/12/1985,f,94353.98,278.0
Livia,Kiddye,23/12/1986,n,52966.06,981.53
Phil,Storms,23/1/2001,f,84960.23,207.5
Reggis,Mattia,20/8/1986,n,31305.37,344.52
Ketti,Najera,3/1/1951,f,74189.26,457.64
Benedikt,Dormand,30/11/1972,n,75256.89,722.78
Wiley,Sperry,18/3/2003,f,21142.52,699.12
Orren,Lias,5/3/1959,m,12789.64,912.39
Belvia,Viles,29/11/1958,n,17193.59,118.39
Carine,Moorhouse,6/10/1966,n,72815.74,638.9
Allistir,Hasloch,14/7/1945,m,52265.51,528.12
Lara,Duke,3/11/1961,m,8958.92,186.64
Maynard,Kliemchen,11/12/1961,n,92186.48,263.02
Gregor,Costelloe,16/12/1993,f,16477.7,820.69
Adan,Pashley,22/6/1976,n,53099.51,907.56
Petunia,Casin,14/8/1983,f,37742.55,967.68
Gerda,Pignon,15/1/1987,f,90224.82,798.39
Clayborne,Hurrell,24/10/1950,f,60525.79,222.36
Bran,Easbie,8/3/2004,f,90794.71,818.63
Kitti,Blevin,9/5/1994,m,95233.61,309.43
Brande,Hugli,29/2/1948,m,10167.42,320.52
Zelig,Peckitt,2/1/1961,m,85290.63,349.59
Max,Loosmore,1/11/1950,n,79793.12,669.53
Emlynne,Readwin,22/11/2003,m,83839.17,250.75
May,Whitten,26/11/1966,f,16187.38,408.71
Claire,Kirwood,1/11/1968,f,34170.51,374.87
Thia,Sobczak,15/1/1984,n,49776.4,594.22
Zorana,Aldin,30/5/2002,f,83342.9,610.9
Clem,McAline,8/2/1969,m,90330.5,179.44
Dana,Kingswold,16/5/1945,n,50284.85,413.01
Dylan,Dragon,5/8/1960,m,27397.08,445.95
Ola,Swindlehurst,18/4/1948,m,24745.87,483.62
Claudius,Eilhermann,2/11/1960,f,39578.5,371.22
Conni,Pentecost,1/1/1979,n,4467.66,409.9
Ezmeralda,Gather,2/3/1987,m,98099.09,399.81
Fabian,Russell,2/4/1958,m,81247.16,787.71
Darcy,O' Mulderrig,26/3/1965,n,57076.58,468.03
Ileane,Metterick,25/1/1983,f,73663.19,904.77
Nick,Van't Hoff,26/6/1955,m,31705.01,828.91
Deeyn,Linton,19/5/1983,f,93838.68,669.2
Bevan,O'Reilly,12/5/1984,n,68806.74,987.09
Pearla,Iban,18/9/1956,f,33651.56,284.6
Wadsworth,Senecaut,11/9/1996,f,63725.25,285.12
Daphene,Brackstone,5/2/1965,f,37612.19,950.11
Clovis,Bardnam,22/1/1974,m,63846.91,349.29
Saundra,De Ambrosi,9/3/1984,m,16252.68,672.31
Giraud,McPhillips,3/4/1963,f,40449.03,785.86
Conroy,Cicchelli,21/8/1983,f,63826.57,553.91
Kain,Oaker,1/10/1965,m,6006.65,351.23
Noah,McLaughlin,2/8/1950,n,94681.18,893.81
Mitchael,Kolakovic,13/6/1985,m,51026.1,251.14
Lucila,Wellfare,30/10/1966,m,67780.21,541.03
Raoul,Ruilton,15/2/1953,f,93049.95,191.87
Adler,Pask,23/10/1967,n,42761.67,786.3
Ab,Haylands,24/6/1981,f,66895.84,962.5
Aura,Christoffels,7/8/1974,n,46457.54,122.55
Luigi,Load,24/11/1959,n,8624.95,638.94
Leonardo,Busby,3/4/1946,n,20268.56,919.04
Stacia,Mackerness,21/7/1960,n,80664.3,935.38
Isak,Hitter,13/10/2002,n,9769.45,239.29
Adrian,McCrillis,27/3/1991,n,7480.19,217.14
Andriana,Ludlamme,3/11/1995,f,51330.54,274.63
Ula,Pincott,4/6/1964,m,67583.95,609.33
Cathee,Dibling,28/8/1950,f,92138.28,618.33
Reider,Brugemann,29/4/1966,n,73537.4,547.28
Phelia,Lace,22/10/2002,n,11319.01,509.02
Loutitia,Breward,30/12/1945,f,28327.97,711.23
Meg,Torrijos,27/7/1964,n,29815.49,236.81
Shanie,Iacovuzzi,28/11/1973,n,31457.17,412.14
Giorgio,Robertsson,9/5/1968,m,65290.06,175.79
Elberta,Noakes,24/4/1978,n,45430.26,279.86
Claudine,Smorthit,23/6/1967,f,52304.36,410.7
Bernette,Labuschagne,26/11/1981,n,24982.98,768.91
Ody,Henworth,17/1/1948,n,36228.07,160.43
Sol,Hutcheon,9/12/1998,m,18231.01,766.25
Jozef,Hugnin,10/10/1961,f,22412.69,485.89
Haydon,Westrey,6/6/1981,m,65604.63,661.26
Alix,Boyen,5/8/1947,f,64736.55,176.09
Donaugh,Higgonet,5/5/1982,f,50710.64,926.41
Gena,Tures,16/10/1998,n,14040.37,795.94
Jasmine,Agus,18/12/1966,n,16254.02,927.95
Cathi,Shelf,6/4/1973,n,22714.27,879.42
Margarethe,Agdahl,26/11/1952,f,54473.84,966.94
Amelia,Begent,23/6/1982,n,4160.57,273.45
Dion,Duthy,18/3/1951,m,9885.13,906.57
Gregor,Klimochkin,8/4/1953,f,45041.42,823.52
Emelia,Aleksankov,4/5/1990,m,25870.72,714.53
Sarita,Deddum,22/4/1947,n,68248.64,157.82
Aurlie,Vynehall,17/9/1983,m,43958.92,927.59
Herbert,Macura,5/12/1977,m,12377.93,494.26
Bonnie,Fontaine,13/12/1980,m,40627.44,182.85
Tracey,Eyckelberg,17/10/1983,m,23322.01,703.57
Goldy,Pascall,12/8/1981,m,86022.35,339.97
Melba,Seers,23/12/1990,m,73710.08,584.53
Bard,Ridd,1/3/1969,n,45998.7,334.95
Natassia,Pennino,4/1/1963,n,91989.65,890.54
Jania,Kirsopp,24/3/2000,n,6761.91,357.93
Luisa,Bales,26/9/1995,m,74747.87,693.53
Trista,Churchley,14/4/1985,f,99567.33,411.69
Eward,Maass,1/6/1988,m,17640.69,436.25
Tish,Lempke,9/6/1980,n,52163.64,638.82
Johna,Camilleri,27/2/1989,f,12140.96,828.73
Devondra,Bedbury,23/2/1979,f,18852.9,927.32
Eugenie,Blueman,23/11/1985,f,96363.11,901.26
Pammie,Colloby,13/2/1976,f,86292.54,588.4
Sig,Pech,25/4/1990,m,73742.0,950.41
Huntley,Henrie,26/4/1998,n,73869.33,857.07
Janeva,Aleshkov,9/2/1989,f,43922.44,230.58
Denny,Dosdill,28/6/2004,f,90664.62,514.66
Sibeal,Cooke,25/9/1950,m,52209.89,891.52
Whitney,Dondon,16/2/2001,f,27734.21,896.0
Tanya,Shawyer,30/4/2002,f,3563.21,734.64
Cornelia,Marini,17/5/1996,f,1765.49,116.88
Tedie,Mayer,4/5/2001,m,79406.88,597.86
Benjie,Shorthouse,18/3/1970,m,7976.35,484.81
Clarey,Wattinham,1/1/1991,f,66369.76,509.1
Ninnette,Kefford,29/7/1968,n,66641.47,890.19
Darbie,Hain,5/7/1957,m,84925.78,283.91
Montague,Bignold,14/6/1993,f,52579.41,675.3
Zared,Pountney,6/6/1946,n,3240.85,944.72
Elena,Blasgen,21/9/1985,f,44918.72,141.98
Alessandra,McMechan,8/5/1990,n,80439.04,823.94
Jennifer,Nudde,5/4/1953,m,87656.67,508.33
Alexia,Bamlett,24/5/1999,f,50575.31,395.9
Renaldo,Storer,20/2/1978,f,24329.71,184.21
Laurena,Gubbins,5/11/1988,m,24034.25,131.16
Tobit,Varran,16/1/1960,n,79750.25,617.11
Micky,Tames,1/5/1977,f,65745.4,827.61
Tory,Plane,2/3/1991,m,26161.69,499.2
Bernie,Raikes,6/11/1945,n,23177.42,114.08
Hephzibah,McIver,19/3/1997,f,61564.32,418.48
Arel,Probate,13/2/1951,n,43232.15,800.32
Catherine,Yerbury,12/10/1970,m,91090.75,423.68
Dionne,Stormes,11/9/1984,n,92100.41,154.8
Clary,Yerrington,6/10/1954,n,48435.11,242.14
Frederick,Werner,15/8/1969,n,66174.01,561.06
Jammal,Deverock,10/1/1978,f,66125.23,103.85
Hephzibah,Bickerstaffe,16/10/2004,m,8765.0,910.01
Darsie,Spileman,22/4/1976,f,57081.4,417.63
Myranda,Rosa,7/10/1955,m,16118.46,484.53
Mitzi,Thorold,15/3/1970,m,82638.32,329.39
Erhart,Spelsbury,2/3/1967,n,5490.78,831.3
Blake,Moyce,27/1/1977,f,31208.38,775.6
Merl,Heinish,29/3/1962,n,33225.09,340.75
Vanny,Deane,4/7/1977,n,64137.55,773.49
Micheal,Guidotti,29/9/2001,f,81268.01,924.45
Charlot,Tyrwhitt,31/12/1954,m,23936.64,969.58
Arnaldo,Moore,10/10/1977,f,66370.97,685.06
Hyacinthe,Suffe,13/1/1947,m,60711.24,131.79
Brendon,Ashbee,14/10/1990,m,42282.41,941.09
Bertram,Jaqueminet,3/2/1966,n,25759.92,593.06
Giraud,McNeilly,22/6/1991,f,15023.69,929.0
Harmon,Rodenhurst,14/11/1979,n,91395.29,190.25
Angie,McDonald,25/11/1966,m,87475.1,100.06
Yorke,Beamont,11/3/1983,m,50089.94,728.66
Elita,Mudle,9/10/1990,m,60307.77,277.48
Marta,Harmson,19/5/1954,n,87687.6,965.97
Caresa,Adamini,17/6/1977,f,31520.01,593.79
D'arcy,Haughan,21/10/1992,f,55649.3,578.44
Jens,Beams,22/9/1993,f,42101.64,365.17
Catherin,Mildner,6/9/1979,n,27281.48,374.23
Sawyere,Milsom,6/4/1987,n,56248.69,357.78
Lydia,Spillman,6/11/1953,m,7716.3,658.19
Corinna,Caldecot,31/7/1994,m,57996.67,928.71
Newton,Milella,20/5/1971,m,81756.35,706.07
Amity,Treend,4/4/1987,m,85233.94,367.11
Sterne,Chasles,30/8/1969,m,65486.13,106.26
Archibold,Bigmore,23/3/1964,n,88414.47,607.28
Barnebas,Pury,16/10/1960,n,9793.37,886.76
Yettie,Reith,4/8/1956,m,91882.62,786.82
Carola,Matusiak,12/2/1951,m,79681.0,405.91
Cecily,Theunissen,21/12/1983,n,69127.61,179.82
Shannon,Dayes,1/12/1968,n,23022.12,389.12
Wilton,Rosenvasser,21/7/1959,m,71032.68,930.59
Filia,Miles,5/11/1970,m,84205.79,679.3
Buffy,Alloisi,5/3/1994,f,17154.62,809.57
Audi,Leonard,17/6/1984,m,44513.75,705.24
Raynard,Gransden,10/3/1987,n,49490.82,661.95
Row,Wiper,21/2/1984,f,99426.31,387.45
Velvet,Karolowski,27/9/1958,f,79120.6,972.28
Almeta,Spilisy,27/5/1945,n,40064.94,926.39
Annaliese,Fowden,12/4/1975,f,43690.65,348.65
Anet,Skill,16/12/1951,n,51832.77,373.44
Marj,Slaight,11/8/1996,f,2343.35,288.84
Yvor,Purrington,7/2/1983,m,90000.67,849.13
Mic,Slafford,21/7/1986,f,43125.97,727.19
Fifi,Mower,30/9/1983,f,57293.15,993.14
Boyce,Simeonov,10/7/1968,f,38195.53,372.48
Maritsa,Coomes,30/1/1990,f,94952.76,425.81
Wilow,Keemer,4/8/1979,m,74100.26,739.89
Catherin,Peaple,8/8/1975,f,74923.56,942.12
Otho,Bradtke,4/8/1985,m,95496.08,861.94
Witty,Mathias,10/12/1989,m,43955.53,917.42
Pierrette,Chilley,6/8/1996,f,82343.38,130.26
Teddie,Powys,9/9/1953,m,6255.24,624.5
Nikki,Rudge,29/8/1991,n,10627.5,329.74
Barnabe,Ivimy,12/11/1975,f,2995.91,847.59
Mareah,Riddles,11/11/1955,m,32999.84,987.74
Waylon,Laba,13/11/1982,m,58732.39,520.6
Masha,Fiorentino,19/4/1950,m,24106.92,909.22
Cynthea,Pickett,7/11/1960,f,66585.22,458.98
Valeria,Orpyne,29/5/1967,f,51792.46,823.2
Sukey,Wallington,6/8/1994,n,55153.13,569.25
Ignazio,Michelmore,16/1/2004,m,67289.36,796.87
Darsie,Dungay,4/10/1970,m,21404.83,811.05
Ansley,Haddow,14/6/1972,f,36306.01,464.9
Jazmin,Coonan,26/10/1963,n,5308.41,274.85
Augy,Brettle,24/9/1965,m,72710.2,395.73
Francine,Braunds,21/7/1956,f,18265.18,785.95
Arny,Elacoate,8/7/1995,m,49392.54,347.81
Kahlil,Lautie,4/12/1974,m,14263.13,481.18
Melony,Dewey,5/6/1954,n,50322.37,373.16
Claudius,Althorp,12/4/1948,f,96639.89,845.71
Gerianne,Boncoeur,4/8/1995,m,12544.94,701.24
Bret,Squeers,13/1/1982,n,82867.31,898.63
Fallon,Durn,11/5/1982,n,94799.58,233.43
Margareta,Lurcock,23/10/1996,f,3879.21,876.01
Paige,Sandever,19/10/1996,n,58665.65,981.64
Damon,Huie,22/9/1978,n,98822.1,388.51
Alana,Vivien,13/3/1963,n,67105.83,710.94
Jerry,Jeanesson,23/6/1961,m,54449.49,860.37
Harriott,L'Amie,21/7/1976,n,53994.1,546.7
Clevey,Bootell,26/3/1953,n,78695.38,776.29
Floris,Verheyden,19/8/2004,n,35710.03,524.97
Bettina,Phetteplace,11/12/1978,n,95457.58,528.43
Alina,Sawyer,15/12/1980,f,36267.32,992.77
Carlina,Nockolds,25/5/1972,f,74820.26,359.85
Farlie,Waplington,19/9/1959,n,73989.63,954.7
Jonah,Fine,20/4/2000,f,38501.8,399.3
Cecilius,Vasilyev,29/8/1991,n,39623.18,292.22
Malchy,Casemore,18/8/1952,n,6365.0,225.54
Hershel,Brunelleschi,29/10/1959,n,78867.42,998.05
Thoma,Ogborn,3/11/1994,f,62874.16,238.52
Pincus,Cornillot,31/3/1951,m,87609.51,796.05
Annadiana,Catterell,13/9/1964,n,44047.55,801.67
Nadya,Caslane,3/10/1982,m,25377.56,766.37
Malinde,Cholonin,5/4/1980,m,717.62,820.68
Rianon,Childerley,21/3/1975,f,68788.08,862.98
Harp,Agnew,19/1/1977,n,8502.65,985.28
Kirby,Sweett,20/5/1963,m,11684.87,619.61
Florry,Varran,8/6/1999,f,82655.4,629.08
Lezley,Clutheram,16/5/1980,m,73047.57,725.79
Allianora,Filoniere,16/11/1946,n,7626.81,510.23
Stanton,Laxson,15/8/1957,f,7975.83,326.89
Leonardo,Midlane,1/4/2002,m,82202.06,675.89
Neall,Duval,17/3/1975,f,66594.89,840.52
Meagan,Ilden,23/7/1993,f,47330.44,628.52
Concettina,Steade,29/6/1973,f,9290.92,429.35
Guido,Garthside,1/4/1997,n,84814.85,667.56
Caresse,Ferreo,29/6/1997,f,78699.75,335.48
Alix,Commander,19/10/1962,m,93119.63,652.03
Frieda,Greensitt,25/1/1973,n,8459.04,853.96
Abbe,Vose,18/2/1963,m,50582.95,945.79
Brigitta,Gwyllt,1/9/1970,n,42654.03,497.5
Prinz,Hairsnape,9/8/1959,n,25043.85,104.3
Imogen,Cooksey,25/11/2001,n,29453.25,664.74
Lind,Bogies,19/2/1972,n,21796.09,767.43
Arabel,Bagniuk,16/8/1993,f,1070.24,389.5
Bax,Brushfield,13/8/1996,n,89006.54,454.3
Elva,Berick,19/7/1957,n,67331.0,317.54
Sheff,Sparwell,14/9/1947,m,82021.51,572.57
Garrard,Rosen,14/6/1952,n,21454.15,948.97
Jarid,Staff,16/5/1978,f,98139.21,210.93
Leila,Madgwick,28/5/1949,n,69586.69,612.66
Nanete,Martland,2/6/1970,m,2721.07,786.11
Sonja,Janous,22/6/2000,f,48917.49,992.81
Carlynne,Proud,12/2/1950,f,7887.81,718.05
Fredrika,Woliter,30/8/1996,m,9300.04,330.74
Vin,Oakland,19/5/1993,f,7971.72,671.91
Rafi,Worsnup,4/11/1958,n,60743.95,257.07
Dareen,MacRury,5/5/1983,m,25086.93,162.09
Aurthur,Cove,27/5/1958,n,32031.59,369.37
Niles,Duplain,21/12/1947,m,99101.4,224.4
Winnifred,Leiden,29/10/1954,n,67561.61,220.09
Andrei,Stovell,1/5/1958,f,92555.37,784.33
Amalea,McBain,3/8/2000,m,81592.24,878.81
Kathleen,Knappett,14/1/1958,f,20870.41,669.52
Tod,Fryatt,22/3/2002,n,55453.82,637.15
Leanora,Swinfon,17/2/1964,f,87857.23,846.64
Cordelia,Walentynowicz,26/2/1981,m,11108.39,383.73
Dex,Crowcombe,1/12/1989,m,44574.64,872.76
Kenneth,Maraga,14/11/1977,n,9760.65,663.89
Kendell,Inchbald,30/4/1986,f,36436.08,311.2
Judy,Crosby,9/2/1947,m,86348.24,967.08
Jackqueline,Dreghorn,15/11/2003,n,55551.4,140.09
Bianca,Elletson,27/7/1984,n,11357.12,110.31
Carrissa,Pancoast,3/2/1986,f,75807.01,764.9
Salvidor,Hupe,3/3/1971,m,61041.73,288.21
Franni,Greenacre,28/7/1967,f,99622.42,545.45
Sophronia,Thecham,23/10/1950,m,4106.82,940.89
Dotty,Blunderfield,13/4/1977,m,65657.32,718.93
Doug,Snazel,20/10/1955,f,24015.4,318.71
Milty,Fawke,2/7/1973,f,39195.0,298.25
Arturo,Dyers,11/3/2002,f,60153.74,847.4
Martelle,McCorry,13/12/2002,m,29622.98,931.89
Ericka,Penlington,12/9/1972,m,72142.09,671.77
Chelsy,Cow,10/4/1991,n,5095.42,510.03
Chanda,Kingsford,1/3/1994,n,87000.49,378.93
Kile,Henriques,8/5/1982,m,33356.87,258.91
Gaspard,Amiranda,22/8/1973,n,16448.49,447.98
Karita,Robjant,17/12/1990,m,3981.78,248.91
Wendy,Czajka,29/6/1948,f,968.47,846.32
Laurie,Muncie,23/4/1954,m,26005.27,179.63
Ryann,Ollerenshaw,27/1/1975,m,53688.44,150.89
Celina,Pavlata,1/6/1978,n,27220.25,980.78
Serene,Demonge,6/6/1978,n,36569.71,872.21
Janna,Yude,18/7/1968,f,73861.22,508.27
Dana,Vannini,9/1/1992,n,27776.71,972.9
Frederique,Crielly,11/6/1976,n,29149.99,731.72
Kristo,Jouanet,6/4/1968,f,74374.61,172.92
Sherman,Dwane,15/3/1963,n,21104.19,821.57
Jay,Freegard,22/7/1961,f,11847.76,170.86
Wilma,McGennis,14/6/1949,m,36442.01,307.96
Elliot,Iacovielli,13/12/1975,f,99044.97,877.05
Kennett,Chadbourne,13/7/1994,m,62325.6,107.83
Debor,Rye,6/1/1950,n,89734.58,929.59
Danella,Radenhurst,13/6/1965,m,66892.61,710.1
Alma,Bampfield,16/3/1951,n,46656.46,176.47
Dunn,Houldin,8/12/1984,n,66474.78,175.16
Kristien,Tysack,21/6/1962,m,95803.13,906.77
Mose,Kiloh,28/8/1977,n,73730.9,669.09
Yehudit,Ogilby,30/1/1957,f,16469.58,271.33
Del,Scardefield,25/1/1963,m,87159.68,956.42
Earle,Juszkiewicz,6/6/1962,m,70131.01,398.22
Perri,Lafee,12/8/1967,m,4530.88,412.45
Kristina,Stoner,17/8/1983,f,73446.07,740.13
